{
  "id": null,
  "uid": "inference-dashboard",
  "title": "ML Model Inference Dashboard",
  "timezone": "browser",
  "schemaVersion": 16,
  "version": 1,
  "refresh": "5s",
  "panels": [
    {
      "title": "Total Inference Requests",
      "type": "stat",
      "id": 1,
      "datasource": "Prometheus",
      "targets": [
        {
          "expr": "inference_requests",
          "refId": "A"
        }
      ],
      "fieldConfig": {
        "defaults": {
          "unit": "short",
          "color": {
            "mode": "palette-classic"
          },
          "thresholds": {
            "mode": "absolute",
            "steps": [
              { "color": "green", "value": null },
              { "color": "orange", "value": 100 },
              { "color": "red", "value": 500 }
            ]
          }
        },
        "overrides": []
      },
      "gridPos": {
        "h": 8,
        "w": 12,
        "x": 0,
        "y": 0
      }
    }
  ]
}
